{
  "npcs": [
    {
      "id": 1001,
      "name": "A Decaying Skeleton",
      "archetype": "melee_trash",
      "faction_id": 200,
      "loot_table_id": 5001,
      "stat_block": {
        "level_min": 1,
        "level_max": 2,
        "hp": 25,
        "mana": 0,
        "ac": 15,
        "atk": 12,
        "str": 12,
        "sta": 12,
        "dex": 8,
        "agi": 8,
        "int": 5,
        "wis": 5,
        "cha": 5
      },
      "behavior_flags": {
        "is_roamer": false,
        "is_static": true,
        "is_social": true,
        "uses_ranged": false,
        "calls_for_help": false,
        "can_flee": false,
        "immune_mez": false,
        "immune_charm": false,
        "immune_fear": false,
        "leash_to_spawn": true
      },
      "behavior_params": {
        "aggro_radius": 800.0,
        "social_radius": 600.0,
        "flee_health_percent": 0.0,
        "leash_radius": 2000.0,
        "leash_timeout_sec": 10.0,
        "max_chase_distance": 2500.0,
        "preferred_range": 200.0,
        "assist_delay_sec": 0.5
      },
      "visual_id": "skeleton_basic_01",
      "ability_package_id": "melee_basic",
      "navigation_package_id": "ground_melee_short_leash",
      "behavior_package_id": "archetype_melee_trash"
    },
    {
      "id": 1002,
      "name": "A Giant Rat",
      "archetype": "critter",
      "faction_id": 201,
      "loot_table_id": 5002,
      "stat_block": {
        "level_min": 1,
        "level_max": 1,
        "hp": 15,
        "mana": 0,
        "ac": 10,
        "atk": 8,
        "str": 8,
        "sta": 10,
        "dex": 12,
        "agi": 12,
        "int": 3,
        "wis": 3,
        "cha": 2
      },
      "behavior_flags": {
        "is_roamer": true,
        "is_static": false,
        "is_social": false,
        "uses_ranged": false,
        "calls_for_help": false,
        "can_flee": true,
        "immune_mez": false,
        "immune_charm": false,
        "immune_fear": false,
        "leash_to_spawn": true
      },
      "behavior_params": {
        "aggro_radius": 600.0,
        "social_radius": 0.0,
        "flee_health_percent": 0.25,
        "leash_radius": 1500.0,
        "leash_timeout_sec": 8.0,
        "max_chase_distance": 2000.0,
        "preferred_range": 150.0,
        "assist_delay_sec": 0.0
      },
      "visual_id": "rat_giant_01",
      "ability_package_id": "critter_bite",
      "navigation_package_id": "ground_critter_fast",
      "behavior_package_id": "archetype_critter_fleeing"
    },
    {
      "id": 1003,
      "name": "A Fire Beetle",
      "archetype": "melee_trash",
      "faction_id": 202,
      "loot_table_id": 5003,
      "stat_block": {
        "level_min": 2,
        "level_max": 3,
        "hp": 35,
        "mana": 0,
        "ac": 20,
        "atk": 15,
        "str": 14,
        "sta": 16,
        "dex": 6,
        "agi": 6,
        "int": 3,
        "wis": 3,
        "cha": 2
      },
      "behavior_flags": {
        "is_roamer": false,
        "is_static": true,
        "is_social": true,
        "uses_ranged": false,
        "calls_for_help": false,
        "can_flee": false,
        "immune_mez": false,
        "immune_charm": false,
        "immune_fear": false,
        "leash_to_spawn": true
      },
      "behavior_params": {
        "aggro_radius": 700.0,
        "social_radius": 500.0,
        "flee_health_percent": 0.0,
        "leash_radius": 1800.0,
        "leash_timeout_sec": 9.0,
        "max_chase_distance": 2200.0,
        "preferred_range": 200.0,
        "assist_delay_sec": 0.5
      },
      "visual_id": "beetle_fire_01",
      "ability_package_id": "beetle_basic",
      "navigation_package_id": "ground_melee_medium_leash",
      "behavior_package_id": "archetype_melee_trash"
    },
    {
      "id": 2001,
      "name": "A Gnoll Scout",
      "archetype": "humanoid_scout",
      "faction_id": 300,
      "loot_table_id": 6001,
      "stat_block": {
        "level_min": 3,
        "level_max": 4,
        "hp": 50,
        "mana": 0,
        "ac": 25,
        "atk": 18,
        "str": 16,
        "sta": 14,
        "dex": 14,
        "agi": 14,
        "int": 8,
        "wis": 8,
        "cha": 6
      },
      "behavior_flags": {
        "is_roamer": true,
        "is_static": false,
        "is_social": true,
        "uses_ranged": false,
        "calls_for_help": true,
        "can_flee": true,
        "immune_mez": false,
        "immune_charm": false,
        "immune_fear": false,
        "leash_to_spawn": true
      },
      "behavior_params": {
        "aggro_radius": 1000.0,
        "social_radius": 800.0,
        "flee_health_percent": 0.15,
        "leash_radius": 2500.0,
        "leash_timeout_sec": 12.0,
        "max_chase_distance": 3000.0,
        "preferred_range": 200.0,
        "assist_delay_sec": 0.3
      },
      "visual_id": "gnoll_scout_01",
      "ability_package_id": "humanoid_melee",
      "navigation_package_id": "ground_humanoid_roamer",
      "behavior_package_id": "archetype_humanoid_scout"
    },
    {
      "id": 2002,
      "name": "A Gnoll Warrior",
      "archetype": "humanoid_warrior",
      "faction_id": 300,
      "loot_table_id": 6002,
      "stat_block": {
        "level_min": 4,
        "level_max": 5,
        "hp": 70,
        "mana": 0,
        "ac": 30,
        "atk": 22,
        "str": 18,
        "sta": 18,
        "dex": 12,
        "agi": 12,
        "int": 7,
        "wis": 7,
        "cha": 5
      },
      "behavior_flags": {
        "is_roamer": false,
        "is_static": true,
        "is_social": true,
        "uses_ranged": false,
        "calls_for_help": true,
        "can_flee": false,
        "immune_mez": false,
        "immune_charm": false,
        "immune_fear": false,
        "leash_to_spawn": true
      },
      "behavior_params": {
        "aggro_radius": 1200.0,
        "social_radius": 900.0,
        "flee_health_percent": 0.0,
        "leash_radius": 2800.0,
        "leash_timeout_sec": 15.0,
        "max_chase_distance": 3500.0,
        "preferred_range": 200.0,
        "assist_delay_sec": 0.2
      },
      "visual_id": "gnoll_warrior_01",
      "ability_package_id": "humanoid_melee_warrior",
      "navigation_package_id": "ground_humanoid_static",
      "behavior_package_id": "archetype_humanoid_warrior"
    },
    {
      "id": 3001,
      "name": "A Weak Kobold Shaman",
      "archetype": "caster_weak",
      "faction_id": 301,
      "loot_table_id": 7001,
      "stat_block": {
        "level_min": 2,
        "level_max": 3,
        "hp": 30,
        "mana": 50,
        "ac": 12,
        "atk": 10,
        "str": 8,
        "sta": 10,
        "dex": 10,
        "agi": 10,
        "int": 14,
        "wis": 14,
        "cha": 8
      },
      "behavior_flags": {
        "is_roamer": false,
        "is_static": true,
        "is_social": true,
        "uses_ranged": true,
        "calls_for_help": true,
        "can_flee": true,
        "immune_mez": false,
        "immune_charm": false,
        "immune_fear": false,
        "leash_to_spawn": true
      },
      "behavior_params": {
        "aggro_radius": 900.0,
        "social_radius": 700.0,
        "flee_health_percent": 0.30,
        "leash_radius": 2200.0,
        "leash_timeout_sec": 10.0,
        "max_chase_distance": 2800.0,
        "preferred_range": 1000.0,
        "assist_delay_sec": 0.5
      },
      "visual_id": "kobold_shaman_01",
      "ability_package_id": "caster_weak_fire",
      "navigation_package_id": "ground_caster_backpedal",
      "behavior_package_id": "archetype_caster_weak"
    }
  ]
}
