{
  "tables": [
    {
      "id": "default",
      "display_name": "Default XP Table",
      "description": "Standard EverQuest-inspired leveling curve with exponential growth",
      "entries": [
        { "level": 1, "total_xp": 0 },
        { "level": 2, "total_xp": 1000 },
        { "level": 3, "total_xp": 3000 },
        { "level": 4, "total_xp": 6000 },
        { "level": 5, "total_xp": 10000 },
        { "level": 6, "total_xp": 15000 },
        { "level": 7, "total_xp": 21000 },
        { "level": 8, "total_xp": 28000 },
        { "level": 9, "total_xp": 36000 },
        { "level": 10, "total_xp": 45000 },
        { "level": 11, "total_xp": 55500 },
        { "level": 12, "total_xp": 67500 },
        { "level": 13, "total_xp": 81000 },
        { "level": 14, "total_xp": 96000 },
        { "level": 15, "total_xp": 112500 },
        { "level": 16, "total_xp": 130500 },
        { "level": 17, "total_xp": 150000 },
        { "level": 18, "total_xp": 171000 },
        { "level": 19, "total_xp": 193500 },
        { "level": 20, "total_xp": 217500 },
        { "level": 21, "total_xp": 244500 },
        { "level": 22, "total_xp": 274500 },
        { "level": 23, "total_xp": 307500 },
        { "level": 24, "total_xp": 343500 },
        { "level": 25, "total_xp": 382500 },
        { "level": 26, "total_xp": 425250 },
        { "level": 27, "total_xp": 472500 },
        { "level": 28, "total_xp": 525000 },
        { "level": 29, "total_xp": 583500 },
        { "level": 30, "total_xp": 648750 },
        { "level": 31, "total_xp": 721500 },
        { "level": 32, "total_xp": 802500 },
        { "level": 33, "total_xp": 892500 },
        { "level": 34, "total_xp": 992250 },
        { "level": 35, "total_xp": 1102500 },
        { "level": 36, "total_xp": 1224000 },
        { "level": 37, "total_xp": 1357500 },
        { "level": 38, "total_xp": 1503750 },
        { "level": 39, "total_xp": 1663500 },
        { "level": 40, "total_xp": 1837500 },
        { "level": 41, "total_xp": 2026500 },
        { "level": 42, "total_xp": 2231250 },
        { "level": 43, "total_xp": 2452500 },
        { "level": 44, "total_xp": 2691000 },
        { "level": 45, "total_xp": 2947500 },
        { "level": 46, "total_xp": 3222750 },
        { "level": 47, "total_xp": 3517500 },
        { "level": 48, "total_xp": 3832500 },
        { "level": 49, "total_xp": 4168500 },
        { "level": 50, "total_xp": 4526250 }
      ]
    }
  ]
}
